{"cameraMode":{"drawMode":0,"name":"Shaded","section":"Shading Mode"},"sceneLighting":true,"audioPlay":false,"sceneViewState":{"showFog":false,"showMaterialUpdate":false,"showSkybox":false,"showFlares":false,"showImageEffects":false,"showParticleSystems":false},"in2DMode":false,"pivot":{"x":47.88062286376953,"y":7.085376739501953,"z":-3.021087646484375},"rotation":{"x":-0.0003824167069979012,"y":0.9995624423027039,"z":-0.02549438737332821,"w":-0.014994535595178604},"size":233.34524536132813,"orthographic":false}